url,platform,date,destination,route,nationality,question,confusion,replies_wrong_or_outdated
https://www.teamblind.com/post/singapore-employment-pass-lkdhgzg0,blind,2024-04-12,SG,general-sponsorship,unknown,Which companies besides ByteDance sponsor Singapore work visas,Which employers still sponsor at all,unclear
https://www.teamblind.com/post/singapore-employment-pass-yuaagw4a,blind,2020-03-06,SG,employment-pass,India,Will an Android engineer on 7.5k SGD get EP approval,Whether a given salary and profile clears EP,yes
https://www.teamblind.com/post/singapore-employment-pass-rejected-because-salary-is-too-high-peflept8,blind,2021-08-25,SG,employment-pass,Europe,Why was EP rejected after salary was cut from 10k to 7.5k,Thinks a lower salary improves approval odds,yes
https://www.teamblind.com/post/employment-pass-google-singapore-w7klhjzn,blind,2023-02-01,SG,employment-pass,unknown,Do layoffs affect pending EP approvals,Whether market conditions change MOM decisions,no
https://www.teamblind.com/post/considering-a-move-to-singapore-on-an-employment-pass-ep-mkpv1tik,blind,2025-09-02,SG,employment-pass,unknown,How easy is switching employers on an EP,Whether a new employer can re-sponsor easily,unclear
https://www.teamblind.com/post/new-singapore-employment-pass-5wivjxdb,blind,2020-03-13,SG,employment-pass,unknown,Is Singapore still issuing new EPs during the pandemic,Whether approvals are paused,yes
https://www.teamblind.com/post/singapore-work-visa-ep-employment-pass-applicants-iywuw0rl,blind,2020-04-16,SG,employment-pass,US,EP rejected during Covid and unclear when to reapply,Rejection reasons and reapplication timing,unclear
https://www.teamblind.com/post/end-of-ep-visa-for-indians-and-chinese-in-singapore-fn0otcyd,blind,2022-03-04,SG,compass,unknown,What does the new points system mean for Indian and Chinese applicants,Whether the diversity criterion blocks some nationalities,yes
https://www.teamblind.com/post/ep-pass-singapore-0scb0e0m,blind,2025-04-10,SG,employment-pass,India,What are EP approval odds and timeline for an Apple Singapore role,Rejection rates for Indian nationals,no
https://www.teamblind.com/post/singapore-ep-agn3abxu,blind,2021-12-16,SG,employment-pass,India,Can Indian nationals get EP approval for a Twitter Singapore role,Current approval rates for Indians,unclear
https://www.teamblind.com/post/are-singapore-ep-applications-hard-these-days-rhcabemx,blind,2021-06-17,SG,employment-pass,unknown,Are EP applications harder now and does a 20 percent raise cause rejection,Whether a salary jump triggers rejection,yes
https://www.teamblind.com/post/difference-between-singapore-passes-e-pass-s-pass-dk2pmxvz,blind,2020-09-10,SG,s-pass,unknown,What is the practical difference between an S Pass and an EP,Which pass they are actually eligible for,yes
https://www.teamblind.com/post/ep-pass-singapore-processing-time-aypmvozh,blind,2024-01-05,SG,employment-pass,unknown,How long does EP approval actually take,Stated processing time versus real time,unclear
https://www.teamblind.com/post/singapore-work-visa-7vmykdpa,blind,2020-08-20,SG,employment-pass,unknown,Has Singapore resumed approving work passes for new hires,Whether approvals resumed and what salary floor applies,yes
https://www.teamblind.com/post/singapore-work-visa-vwerdmfe,blind,2019-06-08,SG,employment-pass,unknown,What should I know before applying for an EP,Requirements and rejection risk factors,unclear
https://www.teamblind.com/post/new-singapore-work-visa-for-indians-ysaa7cmg,blind,2020-11-27,SG,employment-pass,India,How easy is a Singapore work pass for mid-level applicants from Asia,Restrictions and timeline during Covid,yes
https://www.teamblind.com/post/singapore-work-visa-for-indian-citizens-4xxpx2q4,blind,2021-11-11,SG,pr,India,Can Indian citizens get a work pass and later PR,Believes PR is impossible; unclear on actual criteria,yes
https://www.teamblind.com/post/singapore-work-visa-and-layoff-a7hedcsj,blind,2022-09-09,SG,employment-pass,unknown,What happens to the pass after a layoff and how long is the grace period,Length of the grace period after employment ends,yes
https://www.teamblind.com/post/is-singapore-allowing-work-visa-now-tvg0n7tb,blind,2020-06-15,SG,general-sponsorship,unknown,Is Singapore allowing sponsorship at the moment,Sponsorship pulled before scheduled interviews,unclear
https://www.teamblind.com/post/how-easy-is-to-get-singapore-work-permite-visa-njm3wgbo,blind,2021-07-06,SG,employment-pass,India,How hard is a Singapore work pass when relocating with family,Approval timeline and later PR eligibility,yes
https://www.teamblind.com/post/how-difficult-to-get-work-visa-in-singapore-qnnow00o,blind,2021-11-02,SG,employment-pass,India,How hard is sponsorship with one year of experience,Difficulty level and which employers to target,unclear
https://www.teamblind.com/post/singapore-work-visa-for-us-citizen-bulsqf7a,blind,2021-03-29,SG,general-sponsorship,US,How do US citizens get a Singapore work pass,Whether the employer handles it and how long it takes,unclear
https://www.teamblind.com/post/which-companies-in-singapore-sponsor-work-visa-for-indians-yyx1hwzy,blind,2022-06-05,SG,general-sponsorship,India,Which Singapore companies sponsor work passes for Indians,PR difficulty and cost of living,unclear
https://www.teamblind.com/post/how-is-working-in-singapore-for-swe-visa-work-culture-tc-etc-cdjn7ekw,blind,2020-11-10,SG,general-sponsorship,unknown,What is working in Singapore like including the visa,How easy the visa is compared to other markets,unclear
https://www.teamblind.com/post/what-would-happen-if-i-ask-company-in-singapore-cancel-my-work-visa-3xjoyuzp,blind,2019-10-17,SG,general-sponsorship,unknown,What happens if I ask a company to cancel an accepted pass,Whether cancelling leads to blacklisting,yes
https://www.teamblind.com/post/very-limited-or-close-to-nil-responses-for-opportunities-in-singapore-with-visa-sponsorship-z5ewzqq3,blind,2024-08-28,SG,general-sponsorship,unknown,Why no responses for Singapore roles that need sponsorship,Unaware how selective employers are on sponsorship,yes
https://www.teamblind.com/post/any-teams-in-tiktok-bytedance-sg-still-have-quota-for-visa-sponsorship-tfzhfamy,blind,2023-04-03,SG,general-sponsorship,Malaysia,Which teams still have sponsorship quota,How quota works between teams,unclear
https://www.teamblind.com/post/weird-trend-limited-no-visa-sponsorship-in-singapore-ehqghmvy,blind,2023-08-21,SG,employment-pass,unknown,Why has sponsorship become rarer in Singapore recently,Thinks the shift is recent when it predates it,no
https://www.teamblind.com/post/company-that-sponsor-singapore-ep-kr72o4yu,blind,unknown,SG,employment-pass,unknown,Which companies still sponsor EPs for tech roles,Rising salary floors and who still sponsors,yes
https://www.teamblind.com/post/japan-work-visa-smnvfxy4,blind,2020-06-16,JP,general-sponsorship,unknown,What non-teaching work visa options exist in Japan,Whether employer sponsorship is required at all,yes
https://www.teamblind.com/post/most-freedom-in-a-work-visa-japan-or-germany-kwquwani,blind,2020-07-19,multi,work-permit,US,Which country makes it easier to switch to freelance or a startup,Pathways from employment to self-employment,unclear
https://www.teamblind.com/post/new-japanese-digital-nomad-visa-ynlbtv7t,blind,2024-02-12,JP,unclear,unknown,How do taxes work on the Japanese digital nomad visa,Tax obligations for remote workers,unclear
https://www.teamblind.com/post/does-companies-in-japan-have-relocation-now-goufpq2m,blind,2021-09-07,JP,engineer-visa,unknown,Are Japanese companies relocating people given border rules,Whether relocation and visas are possible,yes
https://www.teamblind.com/post/relocate-to-singapore-coz-india-sucks-bxtgul5d,blind,2024-08-20,SG,unclear,India,Seeking a Singapore or Hong Kong role and asking about visa reality,Visa requirements and hiring bias,yes
https://www.teamblind.com/post/singapore-ep-rejected-for-salary-reasons-6hrzf3mp,blind,2021-05-06,SG,employment-pass,unknown,EP rejected on a 135k SGD package with four years experience,Whether salary really was the reason,yes
https://www.teamblind.com/post/confused-and-on-dpdependent-pass-in-singapore-vhkgm2jc,blind,2022-08-21,SG,dependent-pass,unknown,Should she take the first offer or wait for others,Whether switching jobs soon after approval is allowed,yes
https://www.teamblind.com/post/job-in-it-in-singapore-on-dependent-pass-vo4v8zmf,blind,2022-10-04,SG,dependent-pass,unknown,Can a dependent pass holder work in IT in Singapore,Whether a dependent pass permits work,yes
https://www.teamblind.com/post/singapore-dependent-pass-for-child-axzbsatg,blind,2022-04-16,SG,dependent-pass,India,What document replaces a birth certificate for a dependant,Which documents the authority will accept,unclear
https://www.teamblind.com/post/is-it-more-difficult-now-to-get-a-job-in-singapore-with-visa-sponsorship-wngmykte,blind,2023-10-19,SG,general-sponsorship,unknown,Is sponsorship for Singapore tech roles getting harder,Recruiters want citizens or PRs only,unclear
https://www.teamblind.com/post/singapore-work-visa-for-dependents-rioghyu4,blind,2021-12-23,SG,dependent-pass,unknown,Can a spouse work on a dependent pass or apply for their own pass,Dependent pass work eligibility,no
https://www.teamblind.com/post/singapore-employment-pass-without-full-vaccine-coverage-o3fhzs0q,blind,2023-11-28,SG,employment-pass,unknown,Will incomplete vaccination block an EP application,Whether vaccination is an EP requirement,unclear
https://www.teamblind.com/post/list-of-companys-in-singapore-that-provide-work-visa-for-ios-application-developers-5fqchbte,blind,2019-12-05,SG,general-sponsorship,unknown,Which Singapore companies sponsor iOS developers,Sponsorship criteria and pay expectations,unclear
https://www.teamblind.com/post/can-i-apply-work-visa-of-other-countries-like-uscanada-easier-if-i-am-in-singapore-pysxhons,blind,unknown,multi,general-sponsorship,Cambodia,Does applying from Singapore make other countries easier,Whether where you apply from changes the outcome,yes
https://www.teamblind.com/post/food-panda-singapore-referral-work-visa-c1saxz8y,blind,2021-04-08,SG,general-sponsorship,UK,Asking about a Singapore role with sponsorship,Which pass the role would need,yes
https://news.ycombinator.com/item?id=8431625,hn,2014-10-09,JP,general-sponsorship,unknown,Can a freelance developer work in Japan self-sponsored,Whether self-sponsorship exists outside teaching,unclear
https://news.ycombinator.com/item?id=28083343,hn,2021-08-06,SG,employment-pass,unknown,Is the Singapore EP tied to the employer like an H-1B,How tied to the employer the pass is and the grace period,no
https://news.ycombinator.com/item?id=28770440,hn,2021-10-06,SG,employment-pass,unknown,Which Singapore pass types allow marrying a citizen,Confusing the several pass types with each other,no
https://news.ycombinator.com/item?id=8512227,hn,2014-10-26,SG,general-sponsorship,Indonesia,What can a non-citizen do when they must leave Singapore,Which routes exist without a degree or citizenship,unclear
https://www.reddit.com/r/movingtojapan/comments/1udld3i/,reddit,2026-06-23,JP,j-find,unknown,Can a new grad with N1 and no work experience find sponsored work in Japan,Whether any status lets you enter Japan to job hunt,yes
https://www.reddit.com/r/movingtojapan/comments/1t0jmfn/,reddit,2026-05-01,JP,j-find,unknown,Has anyone used J-Find to look for lab work with no Japanese,What activities J-Find actually permits,unclear
https://www.reddit.com/r/movingtojapan/comments/1rv386l/,reddit,2026-03-16,JP,j-find,unknown,Does J-Find really need about 100k SGD in savings as the embassy said,Embassy figure contradicts the published requirement,yes
https://www.reddit.com/r/movingtojapan/comments/1qtxsdn/,reddit,2026-02-02,JP,j-find,unknown,Can I apply for J-Find after a working holiday visa,Whether a prior working holiday blocks a later J-Find,yes
https://www.reddit.com/r/movingtojapan/comments/1jmncv7/,reddit,2025-03-29,JP,j-find,unknown,Is J-Find worth trying for a recent engineering graduate,No first-hand accounts of the route,unclear
https://www.reddit.com/r/movingtojapan/comments/1onlh6t/,reddit,2025-11-03,JP,j-find,unknown,Does the embassy collection email mean the J-Find was approved,Cannot tell approval from the notification,no
https://www.reddit.com/r/movingtojapan/comments/1uv60rs/,reddit,2026-07-13,JP,j-find,unknown,Does J-Find need separate permission to work part time,Whether the status already allows work,no
https://www.reddit.com/r/movingtojapan/comments/1uwm20u/,reddit,2026-07-14,JP,engineer-visa,Mexico,Does an accredited online degree count for the engineer visa,Whether how the degree was delivered matters,unclear
https://www.reddit.com/r/movingtojapan/comments/1me2sgr/,reddit,2025-07-31,JP,engineer-visa,unknown,Will the CoE be rejected because the degree is Economics not STEM,Whether the degree has to relate to the job,no
https://www.reddit.com/r/movingtojapan/comments/1im0h5e/,reddit,2025-02-10,JP,engineer-visa,France,Does a two year French degree qualify for the engineer visa,Which foreign qualifications immigration counts,unclear
https://www.reddit.com/r/movingtojapan/comments/mg9nsc/,reddit,2021-03-30,JP,engineer-visa,unknown,Is the ten years of experience alternative a hard minimum,Whether eight years can substitute for a degree,no
https://www.reddit.com/r/movingtojapan/comments/gk3mc9/,reddit,2020-05-15,JP,engineer-visa,unknown,Must the degree be in the same field as the job,Replies contradict each other on degree relatedness,yes
https://www.reddit.com/r/movingtojapan/comments/1du5va1/,reddit,2024-07-03,JP,engineer-visa,unknown,Does an unrelated degree hurt engineer visa chances,A recruiter said it would,no
https://www.reddit.com/r/movingtojapan/comments/1es77ri/,reddit,2024-08-14,JP,engineer-visa,unknown,Does JLPT N3 matter for engineer visa approval,Whether Japanese level affects the decision,no
https://www.reddit.com/r/movingtojapan/comments/1qh30qk/,reddit,2026-01-19,JP,engineer-visa,France,Can a high school diploma plus five years experience get a CoE,Whether the ten year rule has exceptions,unclear
https://www.reddit.com/r/movingtojapan/comments/1sgkv31/,reddit,2026-04-09,JP,engineer-visa,unknown,Sharing the new language requirement for customer facing roles,Who the April 2026 rule change actually covers,no
https://www.reddit.com/r/movingtojapan/comments/1sa1on7/,reddit,2026-04-01,JP,engineer-visa,unknown,Can a Japanese literature major get sponsored for entry level IT,Whether a non-STEM degree blocks a tech role,unclear
https://www.reddit.com/r/movingtojapan/comments/1sj8d7w/,reddit,2026-04-12,JP,engineer-visa,Philippines,Will only N3 and a startup employer risk visa rejection,Whether language level affects visa approval,unclear
https://www.reddit.com/r/movingtojapan/comments/1ud63o8/,reddit,2026-06-23,JP,unclear,Philippines,What routes exist for a nursing graduate to work in Japan,Which route fits a non-STEM healthcare degree,unclear
https://www.reddit.com/r/movingtojapan/comments/1qagusm/,reddit,2026-01-12,JP,engineer-visa,Mexico,What should a fresh computer engineering grad do to reach Japan,Whether to get experience first or apply now,no
https://www.reddit.com/r/movingtojapan/comments/1pioniq/,reddit,2025-12-10,JP,general-sponsorship,unknown,How easy is finding a sponsoring job in Japan as a fresh CS grad,Assumed the labour shortage means easy hiring,no
https://www.reddit.com/r/movingtojapan/comments/1uiask0/,reddit,2026-06-28,JP,unclear,US,What makes a company willing to sponsor long term residence,Confuses long term resident status with work visas,no
https://www.reddit.com/r/movingtojapan/comments/1w8ygfp/,reddit,2026-09-06,JP,unclear,unknown,Do agencies exist that get you sponsored with no degree or skills,Confusing specified skilled worker with skilled routes,no
https://www.reddit.com/r/movingtojapan/comments/1gvyphs/,reddit,2024-11-20,JP,engineer-visa,unknown,Sharing that a CoE came through in seven working days,No public data on processing times,no
https://www.reddit.com/r/movingtojapan/comments/1w0fe75/,reddit,2026-08-28,JP,unclear,unknown,Which status covers an unpaid internship after finishing a Japanese university,Whether a still valid student visa permits it,no
https://www.reddit.com/r/movingtojapan/comments/iknxhk/,reddit,2020-09-01,JP,unclear,unknown,How much money is really needed to self sponsor a student visa,Published figure versus what is accepted,unclear
https://www.reddit.com/r/movingtojapan/comments/1npyhr9/,reddit,2025-09-25,JP,working-holiday,Canada,What jobs and pay to expect on a working holiday visa,What work the visa actually allows,unclear
https://www.reddit.com/r/movingtojapan/comments/1n4550k/,reddit,2025-08-30,JP,working-holiday,Ireland,Is a working holiday visa sensible at 19 without a degree,Whether age and degree matter,no
https://www.reddit.com/r/movingtojapan/comments/1t0sdlh/,reddit,2026-05-01,JP,working-holiday,UK,Will the embassy reject a plan centred on one ski season,What the embassy expects the stay to look like,no
https://www.reddit.com/r/movingtojapan/comments/1uruu61/,reddit,2026-07-09,JP,working-holiday,Germany,Can a working holiday lead to a longer term stay,Whether work can be the stated purpose,no
https://www.reddit.com/r/movingtojapan/comments/1iv89tx/,reddit,2025-02-22,JP,working-holiday,UK,What does the embassy look for in a working holiday application,What the application has to show,no
https://www.reddit.com/r/movingtojapan/comments/1gyprq8/,reddit,2024-11-24,JP,working-holiday,unknown,Is there a guaranteed way to line up work before arriving,Expects agencies to guarantee jobs,unclear
https://www.reddit.com/r/movingtojapan/comments/1udy9k8/,reddit,2026-06-23,JP,unclear,Singapore,What route suits a 35 year old career changer with a fresh CS degree,Which route fits a late career change graduate,unclear
https://www.reddit.com/r/japanlife/comments/1biasz1/,reddit,2024-03-19,JP,engineer-visa,unknown,Why do employers refuse to sponsor when a renewal is simple,How much work sponsorship really is for the employer,unclear
https://www.reddit.com/r/japanlife/comments/t6x3cj/,reddit,2022-03-05,JP,engineer-visa,unknown,How hard is it for a company that never hired a foreigner to sponsor,Employers overestimate the paperwork,no
https://www.reddit.com/r/japanlife/comments/1kcwe70/,reddit,2025-05-02,JP,engineer-visa,US,How likely is approval when a small business sponsors someone,What sponsorship requires of a small employer,no
https://www.reddit.com/r/japanlife/comments/1t9qr0d/,reddit,2026-05-11,JP,engineer-visa,unknown,How to meet the new language rule in order to take a new job,Which tests satisfy the new requirement,unclear
https://www.reddit.com/r/japanlife/comments/1ue47io/,reddit,2026-06-24,JP,engineer-visa,unknown,Will a 170k yen salary at a small school pass the visa check,Whether pay level affects approval,unclear
https://www.reddit.com/r/japanlife/comments/1tw33wa/,reddit,2026-06-03,JP,engineer-visa,unknown,Can a small countryside school sponsor a status change,Whether employer size affects approval,no
https://www.reddit.com/r/japanlife/comments/11ymyd5/,reddit,2023-03-22,JP,general-sponsorship,unknown,What to do after a new graduate offer was rescinded,Whether an informal offer can legally be withdrawn,no
https://www.reddit.com/r/askSingapore/comments/1niib2q/,reddit,2025-09-16,SG,general-sponsorship,unknown,How do work passes work for freelance type jobs,Whether a pass holder can work outside the sponsor,yes
https://www.reddit.com/r/askSingapore/comments/1feavga/,reddit,2024-09-11,SG,general-sponsorship,unknown,How employable is a foreigner with a local degree on an LTVP,Which pass a locally educated graduate can get,unclear
https://www.reddit.com/r/askSingapore/comments/1mndhkf/,reddit,2025-08-11,SG,employment-pass,unknown,Does termination versus resignation affect a future EP,Whether MOM tracks employment history in detail,unclear
https://www.reddit.com/r/askSingapore/comments/1fyrmi7/,reddit,2024-10-08,SG,employment-pass,Malaysia,Are employers abusing EPs by underpaying the declared salary,Which passes exist and what quota applies,unclear
https://www.reddit.com/r/askSingapore/comments/1ncbv32/,reddit,2025-09-09,SG,general-sponsorship,US,Do LTVP plus holders with PLOC actually get hired,Recruiters do not recognise the work authorisation,no
https://www.reddit.com/r/askSingapore/comments/w0e7sd/,reddit,2022-07-16,SG,employment-pass,unknown,Can EP or S Pass holders earn money from YouTube,What counts as work outside the sponsoring employer,yes
https://www.reddit.com/r/askSingapore/comments/1n6c4uw/,reddit,2025-09-02,SG,employment-pass,unknown,Will giving up PR without national service block a future EP,Believes former PRs are permanently blacklisted,yes
https://www.reddit.com/r/askSingapore/comments/1vk8j90/,reddit,2026-08-10,SG,employment-pass,unknown,How common is a S$6k starting salary for fresh graduates,How the EP floor relates to real graduate pay,unclear
https://www.reddit.com/r/askSingapore/comments/1qquyw2/,reddit,2026-01-30,SG,employment-pass,Malaysia,Is a one year repayment bond normal in an EP offer letter,Whether such a clause is lawful,unclear
https://www.reddit.com/r/askSingapore/comments/1ranfcm/,reddit,2026-02-21,SG,dependent-pass,unknown,Can a dependant pass holder work as a software engineer,Whether a dependant pass is a career dead end,unclear
https://www.reddit.com/r/askSingapore/comments/1ud5dzb/,reddit,2026-06-23,SG,employment-pass,Malaysia,What is realistic for a marketing role move to Singapore,Whether the role qualifies for a pass at all,no
